{
    "112.07.007.63I/": {
        "Q": 7548,
        "W": 17.649458445040196,
        "VOL": 0.672,
        "LC": 35,
        "cast": 1.0,
        "internal": 0.0
    },
    "YAM0011GI/": {
        "Q": 1752,
        "W": 12.88870777479888,
        "VOL": 0.672,
        "LC": 146,
        "cast": 0.0,
        "internal": 0.0
    },
    "750.04.008.61I/": {
        "Q": 2504,
        "W": 17.006255585344054,
        "VOL": 0.64,
        "LC": 11,
        "cast": 1.0,
        "internal": 0.0
    },
    "750.04.007.62I/": {
        "Q": 2504,
        "W": 17.006255585344054,
        "VOL": 0.64,
        "LC": 11,
        "cast": 1.0,
        "internal": 0.0
    },
    "2817.001.002I2": {
        "Q": 173,
        "W": 1.0971796246648797,
        "VOL": 0.672,
        "LC": 29,
        "cast": 1.0,
        "internal": 0.0
    },
    "H218PM0145681I/": {
        "Q": 366,
        "W": 1.937089544235929,
        "VOL": 0.768,
        "LC": 16,
        "cast": 1.0,
        "internal": 0.0
    },
    "755.06.085.63I/": {
        "Q": 360,
        "W": 2.5575635388740015,
        "VOL": 0.8736,
        "LC": 15,
        "cast": 1.0,
        "internal": 0.0
    },
    "212.01.018.61I/": {
        "Q": 95,
        "W": 2.524188739946381,
        "VOL": 0.8736,
        "LC": 6,
        "cast": 1.0,
        "internal": 0.0
    },
    "112.07.007.64I/": {
        "Q": 284,
        "W": 2.229490616621991,
        "VOL": 0.672,
        "LC": 2,
        "cast": 1.0,
        "internal": 0.0
    },
    "4368483H02I2": {
        "Q": 320,
        "W": 1.4679506702412848,
        "VOL": 0.576,
        "LC": 7,
        "cast": 1.0,
        "internal": 0.0
    },
    "H218PM0145621I/": {
        "Q": 0,
        "W": 0.0,
        "VOL": 0.7344,
        "LC": 0,
        "cast": 1.0,
        "internal": 0.0
    },
    "4368486H02I2": {
        "Q": 224,
        "W": 1.0716997319034844,
        "VOL": 0.576,
        "LC": 5,
        "cast": 1.0,
        "internal": 0.0
    },
    "M945150050020I0": {
        "Q": 317,
        "W": 18.55649630026804,
        "VOL": 0.8976,
        "LC": 36,
        "cast": 1.0,
        "internal": 0.0
    },
    "10103249RI/": {
        "Q": 136,
        "W": 10.888021447721218,
        "VOL": 0.648,
        "LC": 34,
        "cast": 1.0,
        "internal": 0.0
    },
    "4220940RHI/": {
        "Q": 150,
        "W": 13.247227882037594,
        "VOL": 0.6192,
        "LC": 38,
        "cast": 1.0,
        "internal": 0.0
    },
    "M222PM0145621I/": {
        "Q": 0,
        "W": 0.0,
        "VOL": 0.7584,
        "LC": 0,
        "cast": 1.0,
        "internal": 0.0
    },
    "M934152050040I0": {
        "Q": 201,
        "W": 6.8441308310992115,
        "VOL": 0.3456,
        "LC": 201,
        "cast": 1.0,
        "internal": 0.0
    },
    "S323PM0145621I/": {
        "Q": 0,
        "W": 0.0,
        "VOL": 0.96,
        "LC": 0,
        "cast": 1.0,
        "internal": 1.0
    },
    "4360173H01I2": {
        "Q": 404,
        "W": 4.998382841823061,
        "VOL": 0.576,
        "LC": 68,
        "cast": 1.0,
        "internal": 1.0
    },
    "S321PM0101020I0": {
        "Q": 164,
        "W": 2.991571045576408,
        "VOL": 0.7776,
        "LC": 41,
        "cast": 1.0,
        "internal": 0.0
    },
    "M416150050050I0": {
        "Q": 162,
        "W": 3.5996139410187675,
        "VOL": 0.3456,
        "LC": 3,
        "cast": 1.0,
        "internal": 0.0
    },
    "M124VM0145600I/": {
        "Q": 80,
        "W": 1.0809651474530835,
        "VOL": 0.72,
        "LC": 4,
        "cast": 1.0,
        "internal": 0.0
    },
    "M416150150110I0": {
        "Q": 207,
        "W": 3.2816814008042887,
        "VOL": 0.964782,
        "LC": 5,
        "cast": 1.0,
        "internal": 0.0
    },
    "755.01.061.61I/": {
        "Q": 168,
        "W": 5.427886327077757,
        "VOL": 0.768,
        "LC": 14,
        "cast": 1.0,
        "internal": 0.0
    },
    "2817.003.002I1": {
        "Q": 139,
        "W": 1.4225501340482563,
        "VOL": 0.672,
        "LC": 24,
        "cast": 1.0,
        "internal": 0.0
    },
    "193.01.004.61I/": {
        "Q": 86,
        "W": 4.485404825737259,
        "VOL": 0.672,
        "LC": 11,
        "cast": 1.0,
        "internal": 0.0
    },
    "M702100050021I0": {
        "Q": 81,
        "W": 2.856585522788201,
        "VOL": 0.7776,
        "LC": 9,
        "cast": 1.0,
        "internal": 0.0
    },
    "M222PM0145601I/": {
        "Q": 70,
        "W": 0.7782949061662201,
        "VOL": 0.6912,
        "LC": 3,
        "cast": 1.0,
        "internal": 0.0
    },
    "113.01.001.61I/": {
        "Q": 80,
        "W": 3.8914745308311076,
        "VOL": 0.768,
        "LC": 3,
        "cast": 1.0,
        "internal": 0.0
    },
    "2817.010.002I0": {
        "Q": 1,
        "W": 0.032428954423592504,
        "VOL": 0.576,
        "LC": 1,
        "cast": 1.0,
        "internal": 0.0
    },
    "10163888I/": {
        "Q": 42,
        "W": 6.537677211796297,
        "VOL": 0.7776,
        "LC": 7,
        "cast": 1.0,
        "internal": 0.0
    },
    "M501150040243I0": {
        "Q": 0,
        "W": 0.0,
        "VOL": 0.964782,
        "LC": 0,
        "cast": 1.0,
        "internal": 0.0
    },
    "2398.201.002I/": {
        "Q": 40,
        "W": 1.0514277747989278,
        "VOL": 0.864,
        "LC": 3,
        "cast": 1.0,
        "internal": 0.0
    },
    "T221TM0140341I0": {
        "Q": 10,
        "W": 1.290040274798928,
        "VOL": 0.964782,
        "LC": 1,
        "cast": 1.0,
        "internal": 0.0
    },
    "T221TM0140140I0": {
        "Q": 30,
        "W": 0.9052914209115288,
        "VOL": 0.964782,
        "LC": 2,
        "cast": 1.0,
        "internal": 0.0
    },
    "10163892I/": {
        "Q": 44,
        "W": 3.50232707774799,
        "VOL": 0.7776,
        "LC": 8,
        "cast": 1.0,
        "internal": 0.0
    },
    "4371191H01I1": {
        "Q": 27,
        "W": 0.383067024128686,
        "VOL": 0.7776,
        "LC": 5,
        "cast": 1.0,
        "internal": 0.0
    },
    "M902103050020I0": {
        "Q": 49,
        "W": 1.2491152815013413,
        "VOL": 0.9984,
        "LC": 25,
        "cast": 1.0,
        "internal": 0.0
    },
    "2718.463.002I/": {
        "Q": 66,
        "W": 1.1025844504021456,
        "VOL": 0.768,
        "LC": 3,
        "cast": 1.0,
        "internal": 1.0
    },
    "2785.003.002I0": {
        "Q": 28,
        "W": 0.44323894906166394,
        "VOL": 1.17504,
        "LC": 2,
        "cast": 1.0,
        "internal": 0.0
    },
    "4369172H02I01.1": {
        "Q": 37,
        "W": 1.2768900804289531,
        "VOL": 0.7776,
        "LC": 7,
        "cast": 1.0,
        "internal": 0.0
    },
    "53261769I02": {
        "Q": 44,
        "W": 1.5442359249329742,
        "VOL": 0.768,
        "LC": 8,
        "cast": 1.0,
        "internal": 0.0
    },
    "4220940RI/": {
        "Q": 47,
        "W": 4.18333512064345,
        "VOL": 0.6192,
        "LC": 12,
        "cast": 1.0,
        "internal": 0.0
    },
    "T221TM0101014I0": {
        "Q": 38,
        "W": 3.8022239678284198,
        "VOL": 0.964782,
        "LC": 7,
        "cast": 1.0,
        "internal": 0.0
    },
    "2720.420.002I/": {
        "Q": 17,
        "W": 0.630418873994638,
        "VOL": 0.7776,
        "LC": 3,
        "cast": 1.0,
        "internal": 0.0
    },
    "0.040.0178.5I/": {
        "Q": 44,
        "W": 2.3060589812332384,
        "VOL": 0.768,
        "LC": 3,
        "cast": 1.0,
        "internal": 0.0
    },
    "0.040.8906.5I/": {
        "Q": 47,
        "W": 2.3348847184986536,
        "VOL": 0.7776,
        "LC": 8,
        "cast": 1.0,
        "internal": 0.0
    },
    "740.01.045.61I/": {
        "Q": 0,
        "W": 0.0,
        "VOL": 0.408,
        "LC": 0,
        "cast": 1.0,
        "internal": 0.0
    },
    "M416150050060I0": {
        "Q": 12,
        "W": 1.589018766756028,
        "VOL": 0.3456,